"Reģistrācijas Nr.","IZM kods","Iestādes nosaukums","1.kl.","2.kl.","3.kl.","4.kl.","5.kl.","6.kl.","7.kl.","8.kl.","9.kl."
"4511900989","011101","Aizkraukles pagasta sākumskola",18,15,16,15,0,0,0,0,0
"4511900990","011102","Aizkraukles pilsētas sākumskola",46,68,50,60,66,80,0,0,0
"4512900987","011201","Bebru pamatskola",11,8,4,11,5,16,4,12,7
"4512900981","011202","Daudzeses pamatskola",4,13,7,7,8,11,6,9,14
"4512900978","011204","Mazzalves pamatskola",8,4,5,4,11,11,9,8,8
"4512900985","011206","Sproģu pamatskola",4,5,2,5,3,3,4,2,3
"4512900984","011207","Pērses pamatskola",9,7,8,6,5,1,3,5,8
"4512900983","011208","Seces pagasta pamatskola",8,9,14,10,14,10,16,12,15
"4512900982","011209","Sunākstes pamatskola",4,4,3,3,6,5,7,4,3
"4513900975","011301","Andreja Upīša Skrīveru vidusskola",45,27,36,20,24,29,27,29,40
"4513901040","011302","Jaunjelgavas vidusskola",16,19,21,16,20,24,16,13,20
"4513901334","011303","Ilmāra Gaiša Kokneses vidusskola",25,35,28,34,41,32,32,34,45
"4513900971","011304","Neretas Jāņa Jaunsudrabiņa vidusskola",11,8,17,16,15,17,16,27,16
"4516902770","011305","Pļaviņu novada ģimnāzija",34,44,46,41,36,52,46,40,50
"4513900974","011306","Aizkraukles 1. vidusskola",34,16,11,19,22,21,18,12,13
"4516900970","011307","Aizkraukles novada ģimnāzija",0,0,0,0,0,0,49,54,57
"4513901041","011308","Vecumnieku novada Domes Valles vidusskola",10,12,13,9,18,16,14,10,11
"4513902997","011310","Vecbebru Profesionālā un vispārizglītojošā internātvidusskola",9,8,9,10,12,10,21,17,13
"4514900992","011401","Aizkraukles Vakara (maiņu) vidusskola",0,0,0,0,0,0,0,11,17
"4524900991","012201","Kokneses internātpamatskola - attīstības centrs",4,9,8,13,7,15,12,7,6
"4411900920","021101","Alūksnes pilsētas sākumskola",79,58,59,64,60,61,0,0,0
"4412900909","021202","Bejas pamatskola",9,8,9,10,10,13,14,6,12
"4412900908","021203","Malienas pamatskola",9,5,6,3,8,6,11,5,7
"4412900903","021204","Mārkalnes pamatskola",4,7,2,2,3,9,4,7,10
"4412900912","021205","Pededzes pamatskola",4,11,3,5,6,8,7,8,8
"4412900906","021206","Strautiņu pamatskola",11,10,12,7,12,13,13,12,11
"4412900904","021207","Trapenes pamatskola",7,6,6,10,3,6,4,6,6
"4412900914","021210","Ziemeru pamatskola",5,9,6,4,8,6,12,10,12
"4412900905","021211","Ilzenes pamatskola",0,4,1,4,4,8,5,5,12
"4412900919","021212","Liepnas internātpamatskola",10,5,9,10,2,13,7,11,13
"4412900911","021213","Vidagas Sikšņu pamatskola (Apes novads)",5,2,2,4,3,2,4,7,2
"4412900907","021216","Mālupes pamatskola",3,1,6,3,0,9,6,7,1
"4412900918","021217","Jaunlaicenes pamatskola",5,5,2,2,8,8,6,6,4
"4412902908","021219","Jaunannas Mūzikas un mākslas pamatskola",9,3,5,6,3,0,6,3,8
"4419900900","021301","Ernsta Glika Alūksnes Valsts ģimnāzija",0,0,0,0,0,0,49,57,51
"4413900899","021303","Dāvja Ozoliņa Apes vidusskola",15,14,12,9,8,12,16,15,11
"4413900898","021304","Ojāra Vācieša Gaujienas vidusskola",7,8,9,7,9,9,9,8,14
"4413900902","021305","Liepnas vidusskola",8,7,1,9,2,10,4,6,10
"4413902870","021306","Alūksnes novada vidusskola",13,9,5,10,10,14,19,12,26
"4422900921","022201","Gaujienas internātpamatskola",9,8,9,8,7,8,11,8,19
"4212900431","031201","Žīguru pamatskola",4,2,5,4,5,9,8,12,9
"4212900421","031202","Briežuciema pamatskola",2,3,1,3,5,5,5,9,4
"4212900422","031203","Rugāju novada Eglaines pamatskola",7,8,5,7,5,11,11,9,11
"4212900426","031206","Stacijas pamatskola",9,10,20,17,17,18,15,6,11
"4212900429","031207","Viduču pamatskola",10,8,11,7,10,9,12,9,15
"4212900427","031210","Upītes pamatskola",5,3,3,8,7,2,12,11,10
"4212900432","031211","Tilžas internātpamatskola",5,7,6,9,13,8,15,10,17
"4212900074","031213","Viļakas pamatskola",17,14,8,15,22,20,0,0,0
"4212901935","031214","Balvu pamatskola",84,69,92,68,75,70,5,6,10
"4219900434","031301","Balvu Valsts ģimnāzija",0,0,0,0,0,0,55,55,55
"4213900440","031305","Baltinavas vidusskola",8,6,5,12,10,11,15,11,12
"4213900436","031306","Bērzpils vidusskola",7,8,6,8,7,10,10,11,11
"4213900439","031307","Tilžas vidusskola",12,8,10,11,11,14,5,11,12
"4213900437","031308","Rekavas vidusskola",4,7,10,8,7,13,11,9,10
"4213902769","031309","Rugāju novada vidusskola",20,13,13,14,14,7,13,16,14
"4219900075","031311","Viļakas Valsts ģimnāzija",0,0,0,0,0,0,19,11,24
"4222900433","032201","Baltinavas Kristīgā internātpamatskola",0,2,3,0,4,2,8,5,5
"4231903046","033101","Balvu profesionālā un vispārizglītojošā vidusskola",0,0,0,0,0,12,21,17,19
"4511902871","041101","Bauskas sākumskola",79,76,56,63,64,52,0,0,0
"4512901315","041201","Bauskas pilsētas pamatskola",31,33,33,35,31,29,31,26,32
"4512901297","041202","Iecavas internātpamatskola",23,24,21,28,29,25,24,23,27
"4512901308","041205","Codes pamatskola",15,13,15,18,13,11,12,11,10
"4512901306","041206","Griķu pamatskola",14,18,8,11,9,13,8,9,12
"4512901311","041209","Mežgaļu pamatskola",10,10,9,8,13,10,10,5,10
"4512901310","041210","Mežotnes pamatskola",9,8,9,9,10,10,10,9,8
"4512901304","041212","Stelpes pamatskola",0,10,9,6,4,10,8,8,9
"4512901302","041214","Vecsaules pamatskola",8,15,10,11,14,22,10,13,17
"4512901305","041215","Dzimtmisas pamatskola",11,12,15,9,11,13,10,11,12
"4512901312","041217","Ozolaines pamatskola",8,8,10,11,9,11,11,8,8
"4513901295","041302","Bauskas 2. vidusskola",64,56,66,43,40,44,33,37,41
"4513901291","041303","Iecavas vidusskola",81,79,52,45,58,64,54,58,71
"4513901324","041304","Pilsrundāles vidusskola",30,32,24,21,31,25,25,21,24
"4513901289","041305","Skaistkalnes vidusskola",16,12,7,10,14,12,17,17,14
"4513901290","041306","Vecumnieku vidusskola",43,33,34,27,31,32,25,32,23
"4513901292","041307","Uzvaras vidusskola",16,15,16,11,11,21,19,13,16
"4513901293","041308","Misas vidusskola",14,11,15,17,11,11,21,16,10
"4513901010","041309","Mežotnes internātvidusskola",0,1,0,0,3,8,7,7,10
"4513901288","041310","Īslīces vidusskola",19,22,20,25,19,27,17,25,25
"4519901296","041311","Bauskas Valsts ģimnāzija",0,0,0,0,0,0,57,63,60
"4515802737","041581","Rīgas Tālmācības vidusskola (Iecavas novads)",0,0,0,0,0,0,11,20,27
"4515802999","041582","Rīgas 1. Tālmācības vidusskola (Iecavas novads)",0,0,0,0,0,0,8,10,19
"4520901298","042201","Pamūšas speciālā internātpamatskola",11,9,12,9,5,6,6,11,4
"4520901299","042202","Zālītes speciālā internātpamatskola",1,3,6,4,5,3,3,7,25
"4411900344","051103","Amatas novada Drabešu sākumskola",8,7,11,10,0,0,0,0,0
"4411901845","051104","Cēsu pilsētas Pastariņa sākumskola",49,46,29,31,33,43,0,0,0
"4411802932","051181","Cēsu Jaunā sākumskola",14,5,6,0,0,0,0,0,0
"4412900314","051201","Cēsu 1. pamatskola",48,44,53,45,33,24,34,35,33
"4412900331","051202","Cēsu 2. pamatskola",47,37,53,44,40,44,29,30,28
"4412900317","051204","Drustu pamatskola",10,8,9,7,7,15,6,9,3
"4412900320","051208","Līvu pamatskola",8,8,2,5,10,8,11,12,12
"4412900330","051209","Mārsnēnu pamatskola",2,7,1,4,3,10,10,6,10
"4412900328","051213","Amatas pamatskola",9,9,8,9,7,8,13,11,10
"4412900322","051214","Sērmūkšu pamatskola",3,2,8,8,4,5,5,3,3
"4412900318","051215","Skujenes pamatskola",8,2,6,7,3,6,6,5,4
"4412900315","051216","Straupes pamatskola",12,6,8,11,13,13,11,11,9
"4412900316","051218","Zaubes pamatskola",5,9,3,5,4,9,4,3,6
"4412900349","051219","Drabešu internātpamatskola",8,8,9,4,6,6,8,13,11
"4412900332","051221","Taurenes pamatskola",7,8,8,6,8,8,4,5,6
"4412901151","051224","Inešu pamatskola",2,4,6,7,3,3,7,5,2
"4412900319","051226","Rāmuļu pamatskola",8,7,7,9,10,8,10,10,11
"4412900324","051227","Liepas pamatskola",16,22,24,14,15,16,21,20,21
"4412901626","051228","Cēsu pilsētas pamatskola",73,42,63,48,74,47,35,33,37
"4412903034","051229","Dzērbenes vispārizglītojošā un mūzikas pamatskola",6,2,7,6,5,5,5,5,4
"4412801047","051280","Biedrības ""Tautskola 99 Baltie zirgi"" pamatskola",18,12,8,10,1,2,0,1,0
"4413900339","051301","Jaunpiebalgas vidusskola",24,27,26,28,34,28,20,36,26
"4413900337","051302","Līgatnes novada vidusskola",23,21,22,21,23,19,16,18,27
"4419902648","051303","Cēsu Valsts ģimnāzija",0,0,0,0,0,0,44,49,29
"4413900338","051304","Cēsu 2. vidusskola",0,0,0,0,0,2,5,13,21
"4413900341","051307","Vecpiebalgas vidusskola",20,18,14,19,13,16,12,21,20
"4413900335","051308","Nītaures vidusskola",5,11,9,5,10,8,8,16,8
"4413900336","051309","Priekuļu vidusskola",42,49,42,38,45,40,33,27,39
"4413900334","051310","Stalbes vidusskola",12,23,16,16,12,12,15,11,13
"4419900342","051311","Draudzīgā Aicinājuma Cēsu Valsts ģimnāzija",0,0,0,0,0,0,44,50,33
"4413900333","051312","Raunas vidusskola",18,15,20,15,18,19,12,21,14
"4414601647","051461","Cēsu 2. vakara (maiņu) vidusskola",0,0,0,0,0,1,7,8,10
"4422900347","052202","Spāres internātpamatskola",1,2,1,13,5,8,9,4,22
"4423901098","052301","Cēsu internātpamatskola - rehabilitācijas centrs",10,13,16,24,17,19,28,18,14
"4423901099","052302","Raiskuma internātpamatskola – rehabilitācijas centrs",8,7,10,15,12,13,15,12,20
"4212900508","061201","Subates pamatskola",4,12,4,8,3,0,11,9,9
"4212900501","061204","Eglaines pamatskola (Ilūkstes novads)",8,7,9,8,7,9,7,13,14
"4212900502","061205","Kalupes pamatskola",8,0,8,7,13,9,6,7,7
"4212900499","061209","Birznieku pamatskola",0,6,6,5,6,7,5,10,0
"4212900511","061210","Naujenes pamatskola",11,12,10,9,21,14,14,14,14
"4212900509","061211","Tabores pamatskola",11,0,8,0,8,9,3,8,3
"4212900510","061213","Nīcgales pamatskola",6,11,7,7,0,5,0,10,5
"4212900503","061214","Skrudalienas pamatskola",6,7,0,6,8,8,3,5,4
"4212900498","061215","Randenes pamatskola",12,8,7,8,6,4,4,4,0
"4212900506","061217","Lāču pamatskola",9,11,14,16,9,13,10,19,10
"4212900504","061218","Biķernieku pamatskola",5,6,10,6,6,7,10,11,7
"4212902413","061219","Silenes pamatskola",9,8,8,3,8,3,7,7,6
"4212902988","061220","Medumu pamatskola",9,0,7,0,10,7,8,7,8
"4213900513","061301","Ilūkstes 1. vidusskola",19,17,25,33,18,24,19,32,36
"4213902826","061302","Ilūkstes Sadraudzības vidusskola",12,9,12,12,5,12,12,16,14
"4213900512","061307","Salienas vidusskola",8,9,9,7,9,11,7,12,9
"4213900519","061308","Sventes vidusskola",7,8,7,12,9,6,9,14,8
"4213900514","061310","Špoģu vidusskola",30,32,24,25,32,27,29,31,34
"4213901322","061311","Vaboles vidusskola",0,14,8,10,9,10,8,15,16
"4213900517","061313","Zemgales vidusskola (Daugavpils novads)",10,9,12,8,12,9,11,11,13
"4213903005","061314","Bebrenes vispārizglītojošā un profesionālā vidusskola",7,11,0,8,9,5,15,11,12
"4222900868","062201","Medumu internātpamatskola",0,6,3,14,10,20,17,19,20
"4222900521","062202","Raudas internātpamatskola",1,6,1,3,7,4,6,4,7
"4511900865","071102","Dobeles sākumskola",34,41,21,29,0,0,0,0,0
"4511903050","071103","Lejasstrazdu sākumskola",5,10,8,3,9,12,0,0,0
"4511903051","071104","Krimūnu sākumskola",4,10,7,10,9,11,0,0,0
"4512900869","071202","Annenieku pamatskola",5,12,14,9,8,7,4,7,5
"4512900872","071203","Annas Brigaderes pamatskola",11,8,13,17,18,9,9,17,18
"4512900867","071206","Bikstu pamatskola",8,9,9,10,10,10,10,6,10
"4512900881","071212","Mežinieku pamatskola",8,12,10,14,10,13,10,13,9
"4512900878","071213","Penkules pamatskola",10,10,8,1,11,7,12,14,13
"4512900882","071219","Dobeles Kristīgā pamatskola",21,14,28,22,28,33,20,31,25
"4512900874","071221","Gardenes pamatskola",11,17,23,13,13,11,17,9,10
"4513900885","071301","Auces vidusskola",55,51,48,42,49,34,46,59,36
"4513900884","071302","Bēnes vidusskola",17,14,26,19,16,17,19,20,20
"4519902412","071303","Dobeles Valsts ģimnāzija",0,0,0,0,0,0,56,60,55
"4513900890","071308","Dobeles 1. vidusskola",103,73,71,69,111,104,39,53,51
"4513903044","071309","Augstkalnes vidusskola",25,16,14,18,15,9,21,19,21
"4520900892","072201","Bērzupes speciālā internātpamatskola",6,7,8,7,5,3,1,6,5
"4531902884","073101","Dobeles Amatniecības un vispārizglītojošā vidusskola",0,0,0,0,0,0,6,15,23
"4411900950","081101","Gulbenes Bērzu sākumskola",24,15,33,30,29,32,0,0,0
"4412900948","081202","Daukstes pamatskola",2,1,3,5,3,9,7,10,10
"4412900951","081203","Druvienas pamatskola",3,3,2,4,6,6,10,5,5
"4412900947","081204","Galgauskas pamatskola",6,7,5,9,7,8,8,11,14
"4412900945","081206","K. Valdemāra pamatskola",3,11,9,0,7,7,6,7,9
"4412900958","081207","Litenes pamatskola",5,4,10,0,4,7,7,5,4
"4412900955","081209","Rankas pamatskola",10,9,10,7,9,7,8,12,11
"4412900962","081212","Stāmerienas pamatskola",3,7,9,2,6,11,14,7,10
"4412900959","081214","Tirzas pamatskola",9,5,6,11,9,11,11,11,15
"4412900952","081215","Stāķu pamatskola",12,9,15,11,14,16,6,26,10
"4413900967","081301","Gulbenes vidusskola",38,44,40,32,24,22,29,32,22
"4413900966","081302","Gulbenes 2. vidusskola",42,49,25,40,46,31,36,51,31
"4413900965","081303","Gulbīša vidusskola",4,11,6,4,6,7,6,7,6
"4413900964","081304","Lejasciema vidusskola",11,12,9,14,8,11,7,16,13
"4413900963","081305","Lizuma vidusskola",9,9,12,7,12,13,12,11,13
"4419902731","081306","Gulbenes novada valsts ģimnāzija",0,0,0,0,0,0,23,31,34
"4414900969","081401","Gulbenes Vakara (maiņu) vidusskola",0,0,0,0,0,0,0,0,10
"4422900923","082201","Sveķu internātpamatskola",5,2,4,8,10,4,9,8,12
"4512900847","091201","Aizupes pamatskola",32,28,36,24,20,17,15,20,15
"4512900843","091202","Vilces pamatskola",12,14,12,10,8,12,10,8,16
"4512900860","091205","Garozas pamatskola",11,8,11,7,11,10,9,11,8
"4512900848","091208","Sesavas pamatskola",7,11,15,13,6,10,15,13,13
"4512900841","091209","Teteles pamatskola",23,11,19,19,23,16,23,18,15
"4512900842","091211","Svētes pamatskola",27,14,16,18,25,20,13,15,13
"4512900845","091212","Šķibes pamatskola",10,17,20,16,16,11,14,9,18
"4512900852","091216","Salgales pamatskola",11,9,5,9,9,6,12,15,11
"4513900859","091301","Elejas vidusskola",36,35,38,23,28,29,28,33,31
"4513900856","091303","Ozolnieku vidusskola",83,63,71,57,52,44,40,40,34
"4513900858","091304","Kalnciema vidusskola",15,16,13,19,18,18,20,8,20
"4513900861","091305","Vircavas vidusskola",24,23,18,26,29,26,26,26,26
"4513901729","091306","Līvbērzes vidusskola",21,19,10,18,11,15,11,5,10
"4513902499","091307","Kalnciema pagasta vidusskola",9,14,19,15,17,8,15,13,22
"4513902755","091308","Staļģenes vidusskola",18,20,22,30,16,30,22,18,20
"4513902986","091309","Zaļenieku komerciālā un amatniecības vidusskola",14,12,13,10,17,15,15,14,17
"4515900863","091501","Jelgavas novada Neklātienes vidusskola",0,0,0,0,1,0,2,3,17
"4522900862","092201","Lielplatones internātpamatskola",1,3,12,12,15,17,10,4,24
"4511902965","101105","Variešu sākumskola",6,8,4,5,2,0,0,0,0
"4512900275","101201","Krustpils pamatskola",9,19,25,22,23,16,21,20,21
"4512900267","101203","Ābeļu pamatskola",10,10,10,13,17,11,15,6,11
"4512900268","101204","Bērzgala pamatskola",2,0,3,2,3,2,0,0,4
"4512900269","101205","Biržu pamatskola",10,10,10,9,10,10,9,9,9
"4512900270","101206","Dignājas pamatskola",2,5,3,2,5,2,4,4,5
"4512900271","101207","Dunavas pamatskola",1,1,1,2,4,2,3,2,8
"4512900273","101209","Gārsenes pamatskola",1,3,4,2,0,3,0,5,3
"4512900280","101212","Rites pamatskola",4,10,0,7,10,0,13,6,11
"4512900281","101213","Rubeņu pamatskola",4,5,5,4,10,10,9,8,7
"4512900284","101217","Sūnu pamatskola",9,15,16,10,12,9,10,10,12
"4512900286","101218","Vīpes pamatskola",4,2,9,2,6,2,3,5,8
"4512900265","101219","Biržu internātpamatskola",11,14,18,16,17,22,14,21,15
"4512900266","101220","Asares pamatskola",2,2,2,5,3,0,2,7,1
"4512900278","101222","Mežāres pamatskola",4,4,4,5,4,6,12,6,5
"1012902246","101225","Jēkabpils pamatskola",129,136,121,94,110,102,0,0,0
"4513900255","101301","Aknīstes vidusskola",18,14,18,16,13,10,16,13,15
"1019900257","101302","Jēkabpils Valsts ģimnāzija",0,0,0,0,0,0,79,112,99
"1013900258","101303","Jēkabpils 2. vidusskola",72,56,43,71,62,57,59,65,49
"1013900259","101304","Jēkabpils 3. vidusskola",46,59,45,48,58,43,57,55,58
"4513900262","101306","Viesītes vidusskola",27,28,29,28,32,28,20,26,32
"4513900256","101307","Brāļu Skrindu Atašienes vidusskola",2,8,0,5,11,1,10,2,12
"4513900261","101308","Salas vidusskola",30,26,20,28,24,25,22,18,19
"4513900263","101309","Zasas vidusskola",9,9,12,13,7,11,15,18,16
"1014900264","101401","Jēkabpils vakara vidusskola",0,0,0,0,0,2,7,11,19
"4520901242","102202","Antūžu speciālā internātpamatskola",8,1,8,4,4,10,8,7,28
"4211900554","111102","Konstantinovas sākumskola",3,1,2,3,0,3,0,0,0
"4211900555","111103","Sauleskalna sākumskola",3,3,0,5,0,5,0,0,0
"4211903048","111104","Skaistas sākumskola",2,0,6,0,0,0,0,0,0
"4212900565","111201","Rīgas un visas Latvijas Metropolīta Aleksandra (Kudrjašova) Grāveru pamatskola",3,0,5,3,9,0,0,6,0
"4212900561","111202","Kalniešu pamatskola",4,6,7,5,5,2,3,5,6
"4212900551","111206","Robežnieku pamatskola",4,8,8,5,7,6,6,11,13
"4212900568","111208","Andrupenes pamatskola",6,6,8,9,6,9,9,7,8
"4212900566","111209","Asūnes pamatskola",6,5,3,1,5,6,8,9,11
"4212900569","111210","Krāslavas gr. Plāteru v.n. Poļu pamatskola",1,5,6,4,4,5,3,5,8
"4212900567","111211","Andzeļu pamatskola",7,3,0,3,4,9,6,7,5
"4212900559","111213","Šķaunes pamatskola",7,2,6,2,7,3,5,7,2
"4212900558","111214","Šķeltovas pamatskola",7,0,6,4,4,5,8,8,0
"4212900562","111217","Aulejas pamatskola",2,2,3,2,4,2,2,2,4
"4212900563","111218","Izvaltas pamatskola",4,6,5,8,0,7,10,11,10
"4212900553","111223","Krāslavas pamatskola",45,37,51,45,44,36,29,58,36
"4212902579","111224","Priežmalas pamatskola",6,3,4,7,5,1,3,6,7
"4213900573","111301","Dagdas vidusskola",37,34,21,26,33,41,33,42,34
"4219902694","111302","Krāslavas Valsts ģimnāzija",0,0,0,0,0,0,19,0,18
"4213900576","111304","Krāslavas Varavīksnes vidusskola",52,45,56,38,54,46,49,40,51
"4213900572","111305","Ezernieku vidusskola",9,14,12,7,15,17,13,21,11
"4213900574","111306","Indras vidusskola",5,7,12,7,13,14,10,11,11
"4222900579","112201","Aleksandrovas internātpamatskola",2,6,2,9,6,10,7,11,7
"4111901199","121104","Kuldīgas Alternatīvā sākumskola",53,47,55,45,39,31,0,0,0
"4112901194","121202","Ēdoles pamatskola",8,8,9,7,9,12,10,13,18
"4112901185","121203","Nīkrāces pamatskola",7,10,8,5,5,7,7,7,8
"4112901184","121204","Laidu pamatskola",14,10,9,10,6,7,11,6,15
"4112901183","121207","Oskara Kalpaka Rudbāržu pamatskola",4,2,8,5,5,8,9,11,11
"4112901179","121209","Turlavas pamatskola",9,8,7,12,6,8,5,9,6
"4112901178","121210","Vārmes pamatskola",12,11,9,11,18,14,11,9,8
"4112901193","121211","Vilgāles pamatskola",9,6,10,12,9,12,11,14,9
"4112901203","121213","Jaunmuižas pamatskola",2,2,2,5,3,3,1,0,0
"4112901848","121215","Kuldīgas pamatskola",31,24,21,31,35,27,31,35,28
"4112902771","121216","Z.A. Meierovica Kabiles pamatskola",8,10,9,9,10,9,8,12,9
"4113901196","121301","Alsungas vidusskola",6,16,14,17,16,10,9,20,17
"4116901197","121302","V. Plūdoņa Kuldīgas ģimnāzija",0,0,0,0,0,0,33,32,32
"4113901191","121303","Kuldīgas 2. vidusskola",35,21,27,27,39,33,46,39,56
"4113901192","121304","Kuldīgas Centra vidusskola",87,67,58,48,57,61,60,43,51
"4113901187","121305","Skrundas vidusskola",37,34,35,24,38,36,33,41,33
"4113901189","121309","Kuldīgas Mākslas un humanitāro zinību vidusskola",26,28,24,20,26,25,18,27,24
"4124901177","122201","Pelču speciālā internātpamatskola-attīstības centrs",15,12,10,13,9,10,14,16,34
"4123900928","122301","Rudbāržu internātpamatskola - rehabilitācijas centrs",0,4,1,1,5,9,12,5,7
"4111901002","131101","Grobiņas pagasta sākumskola",11,7,8,9,0,0,0,0,0
"4112901323","131202","Vaiņodes internātpamatskola",5,8,8,4,7,8,14,11,16
"4112901031","131203","Aizputes pagasta pamatskola",13,11,8,10,9,10,8,12,10
"4112901028","131204","Apriķu pamatskola",3,9,3,6,7,5,6,0,9
"4112901030","131205","Bārtas pamatskola",3,6,10,3,4,2,0,8,5
"4112901029","131206","A. Spāģa Dunalkas pamatskola",5,6,4,4,5,8,3,1,2
"4112901027","131207","Dzērves pamatskola",9,12,10,8,9,9,13,16,8
"4112901026","131209","Gaviezes pamatskola",4,6,7,7,5,4,7,4,6
"4112901016","131210","Gramzdas pamatskola",5,5,9,4,7,6,6,7,4
"4112901018","131211","Kalētu pamatskola",8,12,12,15,14,5,5,8,13
"4112901020","131212","Kalvenes pamatskola",8,6,8,5,9,9,5,8,5
"4112901021","131213","Kapsēdes pamatskola",13,15,9,12,13,8,12,9,7
"4112901019","131214","Māteru Jura Kazdangas pamatskola",15,10,10,19,13,15,20,17,15
"4112901033","131215","Krotes Kronvalda Ata pamatskola",11,11,9,8,8,10,11,6,9
"4112901024","131216","Rudes pamatskola",7,7,4,8,8,0,5,3,7
"4112901043","131217","Sikšņu pamatskola (Rucavas novads)",5,4,4,9,7,6,4,8,4
"4112901023","131219","Vērgales pamatskola",14,18,8,6,10,13,11,15,9
"4112901022","131220","Virgas pamatskola",10,6,5,8,11,8,6,10,9
"4112902528","131223","Rucavas pamatskola",6,7,8,6,6,8,9,10,4
"4112900996","131224","Grobiņas pamatskola",66,65,53,38,59,63,37,23,29
"4113901044","131301","Aizputes vidusskola",51,40,54,32,45,34,41,48,51
"4113900995","131302","Ata Kronvalda Durbes vidusskola",21,14,19,12,15,20,14,17,11
"4113901000","131304","Priekules vidusskola",15,29,22,32,22,28,27,18,21
"4113900999","131306","Vaiņodes vidusskola",23,23,22,21,17,24,18,21,29
"4113900998","131307","Nīcas vidusskola",22,21,15,15,15,17,16,20,18
"4113900994","131311","Pāvilostas vidusskola",8,7,12,14,8,9,14,14,9
"4116902610","131312","Grobiņas ģimnāzija",0,0,0,0,0,0,18,44,27
"4115901036","131501","Aizputes novada Neklātienes vidusskola",0,0,0,0,0,2,2,5,14
"4120901035","132202","Lažas speciālā internātpamatskola",5,3,0,7,13,9,9,9,9
"4122901034","132203","Purmsātu speciālā internātpamatskola",7,0,0,6,7,5,0,14,19
"4311902862","141106","Limbažu sākumskola",75,75,60,48,51,64,0,0,0
"4312900160","141201","Krišjāņa Valdemāra Ainažu pamatskola",10,1,10,11,9,8,14,6,13
"4312900169","141208","Garlība Merķeļa Lēdurgas pamatskola",9,11,0,13,7,9,17,13,9
"4312900171","141210","Pāles pamatskola",7,9,9,10,9,15,9,9,9
"4312900175","141213","Umurgas pamatskola",16,14,12,7,14,14,17,16,16
"4312900176","141214","Vidrižu pamatskola",12,8,11,11,7,11,11,13,6
"4312900178","141215","Baumaņu Kārļa Viļķenes pamatskola",5,13,11,8,10,6,10,8,5
"4312900170","141218","Ozolmuižas pamatskola",4,10,1,4,4,5,10,7,7
"4312900167","141219","Lādezera pamatskola",15,14,15,12,26,14,15,20,12
"4313900157","141301","Alojas Ausekļa vidusskola",28,21,24,34,24,17,18,22,22
"4313900159","141304","Salacgrīvas vidusskola",34,39,41,34,43,42,39,34,40
"4313900158","141305","Liepupes vidusskola",14,15,9,13,12,14,11,13,9
"4313901881","141306","Limbažu 3. vidusskola",42,24,41,32,29,32,43,45,47
"4313902604","141307","Staiceles vidusskola",18,18,18,17,17,14,12,16,18
"4316901395","141308","Limbažu novada ģimnāzija",0,0,0,0,0,0,40,59,39
"4322900181","142201","Katvaru internātpamatskola",3,2,1,8,4,4,8,5,10
"4212900463","151205","Mežvidu pamatskola (Kārsavas novads)",11,9,5,8,7,9,8,3,12
"4212900456","151207","Nirzas pamatskola",4,3,6,4,4,11,4,3,6
"4212900453","151209","Pildas pamatskola",10,7,7,9,0,12,14,13,13
"4212900452","151211","Mērdzenes pamatskola",13,3,6,4,6,11,3,12,12
"4212900451","151212","Pušmucovas pamatskola",6,3,6,5,9,9,10,4,9
"4212900450","151213","Salnavas pamatskola",4,6,3,13,3,7,8,6,9
"4212900459","151217","Ludzas Mūzikas pamatskola",18,22,18,15,0,0,0,0,0
"4216900471","151302","Ludzas pilsētas ģimnāzija",36,51,26,30,63,60,54,43,67
"4213900476","151303","Zilupes vidusskola",28,23,39,33,31,30,36,44,30
"4213900473","151304","Ciblas vidusskola",9,13,10,10,10,14,14,10,11
"4213900474","151305","Istras vidusskola",2,3,8,2,9,1,14,7,9
"4213900475","151308","Ludzas 2. vidusskola",40,33,37,42,42,39,32,37,20
"4213902516","151310","Kārsavas vidusskola",29,25,22,25,23,30,22,35,32
"4214900477","151401","Ludzas novada vakara vidusskola",0,0,0,0,0,0,0,0,10
"4220900478","152201","Ezersalas speciālā internātpamatskola",2,3,3,2,1,4,6,2,30
"4412900105","161202","Cesvaines internātpamatskola",5,6,5,4,9,9,10,7,8
"4412900126","161203","Barkavas pamatskola",10,4,12,11,7,10,9,12,9
"4412900125","161204","Bērzaunes pamatskola",12,12,12,6,6,10,7,15,0
"4412900124","161205","Degumnieku pamatskola",9,5,7,2,5,7,7,5,5
"4412900123","161206","Dzelzavas pamatskola",10,4,10,4,9,12,16,10,9
"4412900120","161210","Kusas pamatskola",9,11,0,12,13,5,14,6,7
"4412900119","161211","Lazdonas pamatskola",2,4,6,7,4,3,10,5,4
"4412900117","161213","Liezēres pamatskola",5,10,10,8,8,4,7,12,10
"4412900116","161214","Mārcienas pamatskola",10,3,3,7,3,0,0,10,4
"4412900113","161215","Murmastienes pamatskola",3,5,8,2,2,5,6,7,5
"4412900115","161216","Meirānu Kalpaka pamatskola",4,5,4,8,5,2,2,5,6
"4412900114","161217","Mētrienas pamatskola",8,3,3,0,3,8,3,7,5
"4412900111","161219","Praulienas pamatskola",16,10,9,9,10,10,7,11,6
"4412900109","161220","Jāņa Zālīša Sausnējas pamatskola",4,6,5,4,8,6,6,8,3
"4412900110","161221","Sarkaņu pamatskola",4,2,8,7,5,2,1,3,8
"4412900108","161222","Varakļānu novada pašvaldības Stirnienes pamatskola",2,2,2,3,2,3,5,3,1
"4412900106","161223","Vestienas pamatskola",5,3,5,8,6,8,8,4,4
"4412900122","161224","Kalsnavas pamatskola",14,11,15,17,17,14,20,18,13
"4412802815","161281","Kristiāna Dāvida pamatskola",0,1,3,2,1,4,3,5,4
"4413900133","161301","Cesvaines vidusskola",30,27,20,26,29,27,26,31,31
"4413900131","161302","Ērgļu vidusskola",20,25,26,28,18,20,15,17,20
"4413902416","161303","Madonas pilsētas 1. vidusskola",77,79,64,48,87,73,46,47,42
"4413900132","161304","Madonas pilsētas 2. vidusskola",20,23,35,39,23,24,24,26,27
"4413900130","161305","Lubānas vidusskola",19,19,16,16,21,16,21,17,10
"4413900128","161306","Varakļānu vidusskola",27,29,16,20,32,19,21,17,15
"4413900129","161307","Andreja Eglīša Ļaudonas vidusskola",11,16,18,13,30,13,9,18,20
"4419902408","161308","Madonas Valsts ģimnāzija",0,0,0,0,0,0,26,28,58
"4414900127","161401","Madonas Vakara un neklātienes vidusskola",0,0,0,0,0,0,0,4,14
"4422900104","162201","Dzelzavas internātpamatskola",4,0,7,7,3,5,6,8,36
"4311900200","171101","Ogres sākumskola",117,118,111,89,81,80,0,0,0
"4312900195","171202","Lielvārdes pamatskola",43,28,26,24,38,27,31,26,17
"4312901328","171203","Birzgales pamatskola",11,8,8,6,11,16,7,15,11
"4312900196","171206","Ķeipenes pamatskola",8,10,11,14,14,13,8,10,9
"4312901329","171208","Lēdmanes pamatskola",11,10,13,12,12,8,20,13,12
"4312900199","171210","Tīnūžu pamatskola",27,23,14,18,22,19,16,16,12
"4312900194","171215","Ogresgala pamatskola",21,22,21,18,12,13,20,17,20
"4312902972","171216","Taurupes pamatskola",11,12,10,18,5,16,10,6,16
"4313901327","171301","Jaunogres vidusskola",53,74,68,48,59,58,48,49,43
"4313901694","171302","Edgara Kauliņa Lielvārdes vidusskola",45,50,42,46,44,42,47,47,32
"4313900189","171303","Ogres 1. vidusskola",121,133,101,81,95,101,100,84,82
"4313900188","171305","Madlienas vidusskola",36,25,22,18,24,21,26,30,19
"4313900187","171306","Suntažu vidusskola",30,21,24,29,23,18,18,28,27
"4313901325","171308","Jumpravas vidusskola",19,19,27,25,19,13,22,17,11
"4313900190","171309","Ikšķiles vidusskola",125,106,103,90,81,63,54,48,51
"4313900201","171310","Ķeguma komercnovirziena vidusskola",29,32,34,17,37,21,28,26,32
"4319901137","171311","Ogres Valsts ģimnāzija",0,0,0,0,0,0,80,102,57
"4320901056","172201","Jumpravas speciālā internātpamatskola",3,3,5,7,12,7,6,2,6
"4323901430","172301","Suntažu internātpamatskola - rehabilitācijas centrs",9,6,7,0,3,6,13,8,6
"4212900360","181203","Dravnieku pamatskola",4,3,3,2,5,11,12,7,10
"4212900366","181204","Jaunsilavas pamatskola",13,12,17,15,16,15,12,13,9
"4212900364","181206","Galēnu pamatskola",11,6,4,6,8,8,8,7,9
"4212900365","181207","Jersikas pamatskola",9,8,9,16,12,12,10,11,11
"4212900367","181208","Pelēču pamatskola",4,8,7,9,5,8,2,7,12
"4212900372","181209","Priekuļu pamatskola",6,1,1,1,3,3,5,0,4
"4212900368","181211","Rožupes pamatskola",9,8,7,6,3,8,12,15,11
"4212900370","181212","Salas pamatskola",4,3,4,4,6,7,6,5,7
"4212900358","181214","Sīļukalna pamatskola",2,1,5,5,2,7,1,9,0
"4212900357","181215","Sutru pamatskola",4,3,4,2,0,0,5,6,8
"4212900353","181217","Vārkavas pamatskola",2,3,4,0,7,1,4,4,8
"4212900373","181218","Rušonas pamatskola",7,7,10,7,7,8,7,8,6
"4212900356","181220","Preiļu 1. pamatskola",50,57,61,51,44,46,58,58,50
"4213900374","181301","Līvānu 1. vidusskola",63,38,46,35,45,41,45,35,49
"4213900387","181302","Līvānu 2. vidusskola",30,22,17,21,32,20,20,12,23
"4213900386","181304","Preiļu 2. vidusskola",28,19,16,17,18,11,15,16,12
"4213900381","181305","Aglonas vidusskola",10,12,9,7,11,11,17,15,17
"4213900379","181306","Riebiņu vidusskola",15,10,14,18,14,12,16,18,11
"4213900378","181307","Rudzātu vidusskola",4,8,11,8,5,5,8,5,7
"4213900377","181308","Vārkavas vidusskola",7,10,12,11,9,11,10,14,15
"4213900380","181309","Aglonas internātvidusskola",8,4,4,8,13,9,14,14,11
"4216800388","181381","Aglonas Katoļu ģimnāzija",1,1,0,1,0,0,1,1,1
"4214900375","181401","Preiļu novada Vakara (maiņu) un neklātienes vidusskola",0,0,0,0,0,0,8,8,11
"4214900376","181402","Līvānu novada Vakara (maiņu) vidusskola",0,0,0,0,0,0,5,5,11
"4220900355","182201","Rudzātu speciālā internātpamatskola",3,5,8,3,10,9,5,5,12
"4212901166","191204","Dekšāru pamatskola",5,7,8,9,9,13,12,10,4
"4212901145","191207","Feimaņu pamatskola",0,10,11,13,10,8,8,13,11
"4212901156","191209","Jaunstrūžānu pamatskola",1,9,11,6,10,6,9,8,11
"4212901141","191210","Kalnezeru Katoļu pamatskola",5,6,3,2,4,3,4,11,7
"4212901165","191217","Rēznas pamatskola",12,12,13,10,15,11,16,17,19
"4212901167","191219","Sakstagala Jāņa Klīdzēja pamatskola",16,9,11,16,20,13,11,18,17
"4212901168","191229","Verēmu pamatskola",14,8,5,7,9,8,2,13,8
"4212902240","191232","Gaigalavas pamatskola",15,14,11,8,13,10,7,19,22
"4212901140","191233","Audriņu pamatskola",9,10,9,11,8,0,8,8,8
"4213900184","191302","Viļānu vidusskola",37,44,39,40,43,52,56,42,48
"4213901150","191305","Dricānu vidusskola",11,12,5,8,11,15,16,14,12
"4213901076","191307","Kaunatas vidusskola",22,19,14,18,15,26,20,32,28
"4213901149","191308","Tiskādu vidusskola",27,19,16,11,26,18,23,20,23
"4213901078","191310","Lūcijas Rancānes Makašānu Amatu vidusskola",7,7,1,8,4,10,5,8,9
"4213901152","191311","Nautrēnu vidusskola",20,21,12,19,16,20,22,28,24
"4213903054","191312","Maltas vidusskola",56,45,56,51,51,48,57,54,49
"4220900956","192201","Maltas speciālā internātpamatskola",3,2,7,2,11,0,16,15,12
"4220901170","192202","Tiskādu speciālā internātpamatskola",3,4,8,9,12,13,16,21,17
"4220901171","192203","Adamovas speciālā internātpamatskola",1,6,7,7,19,14,18,24,13
"4311901108","201105","Pļavniekkalna sākumskola",50,24,36,32,19,14,0,0,0
"4311902782","201107","Mārupes novada Skultes sākumskola",7,12,9,5,0,0,0,0,0
"4311902824","201108","Babītes novada pašvaldības Salas sākumskola",10,6,8,5,0,0,0,0,0
"4311902928","201109","Laurenču sākumskola",65,52,19,24,17,18,0,0,0
"4311802759","201180","Privātā sākumskola ""Vinnijs""",5,8,7,3,6,0,0,0,0
"4311802957","201181","Privātā Montessori sākumskola",1,3,3,2,0,0,0,0,0
"4311803037","201182","Privātā Montesori sākumskola ""Pētnieki""",3,0,0,0,0,0,0,0,0
"4312901089","201202","Siguldas 1. pamatskola",70,58,54,58,40,38,38,44,36
"4312901109","201204","Allažu pamatskola",14,14,8,15,10,11,16,16,10
"4312901110","201206","Carnikavas pamatskola",69,52,43,26,33,33,14,17,17
"4312901117","201207","Daugmales pamatskola",14,16,16,14,11,11,14,11,14
"4312901339","201209","Inčukalna pamatskola",21,22,21,17,16,23,25,14,22
"4312901121","201210","Mārupes pamatskola",46,39,28,37,25,24,14,14,14
"4312901114","201211","Sējas pamatskola",22,19,20,20,21,19,24,11,18
"4312901128","201213","Stopiņu pamatskola",23,9,18,12,9,17,11,11,6
"4312901006","201217","Baldones Mūzikas pamatskola",12,17,16,16,20,17,13,8,13
"4312901113","201221","Mālpils internātpamatskola",4,5,5,12,14,9,20,28,25
"4312900327","201223","Mores pamatskola",9,11,9,9,9,8,15,9,12
"4312902828","201224","Berģu Mūzikas un mākslas pamatskola",39,34,41,22,24,20,18,8,12
"4312902868","201225","Zaķumuižas pamatskola",35,18,19,26,18,18,20,13,16
"4312903031","201226","Jaunmārupes pamatskola",119,67,55,41,45,37,21,0,0
"4312802726","201280","Privātā pamatskola ""Gaismas tilts 97""",11,12,17,13,10,14,12,6,5
"4313901125","201301","Baldones vidusskola",46,53,45,118,36,42,41,40,37
"4313901122","201302","Olaines 1. vidusskola",120,62,92,86,72,76,64,69,57
"4313901129","201303","Olaines 2. vidusskola",86,85,68,69,80,82,61,59,58
"4313901093","201304","Saulkrastu vidusskola",42,44,41,31,34,27,29,13,18
"4313901107","201305","Ulbrokas vidusskola",107,90,76,66,65,63,54,56,42
"4313901104","201307","Vangažu vidusskola",46,50,48,50,33,33,32,27,28
"4313901280","201308","Ādažu vidusskola",167,150,117,124,139,107,98,85,66
"4313901118","201309","Babītes vidusskola",121,98,86,78,87,63,60,65,49
"4313901079","201310","Ķekavas vidusskola",123,96,91,98,100,80,82,69,70
"4313901119","201311","Krimuldas vidusskola",43,33,40,33,35,30,36,27,34
"4313901090","201313","Mārupes vidusskola",86,139,107,87,89,110,76,94,77
"4313901112","201314","Ropažu vidusskola",36,30,34,28,35,29,25,15,25
"4313901008","201315","Salaspils novada pašvaldības iestāde ""Salaspils 1. vidusskola""",103,97,104,64,84,88,72,59,52
"4313901120","201316","Zvejniekciema vidusskola",23,19,24,27,25,30,28,18,31
"4319901124","201317","Siguldas Valsts ģimnāzija",0,0,0,0,0,0,57,64,77
"4313901092","201318","Salaspils novada pašvaldības iestāde ""Salaspils 2. vidusskola""",113,85,82,93,67,77,45,76,58
"4316001068","201319","Murjāņu sporta ģimnāzija",0,0,0,0,0,0,0,23,39
"4313902363","201320","Baložu vidusskola",93,76,57,62,50,37,36,38,28
"4313902768","201322","Garkalnes Mākslu un vispārizglītojošā vidusskola",32,24,25,29,29,12,14,13,17
"4313902863","201323","Siguldas pilsētas vidusskola",80,88,89,60,71,86,38,26,29
"4313902967","201324","Mālpils novada vidusskola",44,24,42,25,31,31,37,45,23
"4313800383","201381","Privātā vidusskola Ādažu Brīvā Valdorfa skola",22,24,37,24,33,24,17,24,18
"4322901045","202201","Piejūras internātpamatskola",1,5,4,0,3,3,1,3,36
"4322901127","202202","Gaismas internātpamatskola",5,11,8,22,0,9,13,0,14
"4323901692","202301","Upesleju internātpamatskola – rehabilitācijas centrs",6,12,15,14,9,18,21,19,12
"4111900418","211103","Saldus sākumskola",36,51,45,33,0,0,0,0,0
"4112900014","211201","Saldus pamatskola",54,56,61,50,35,24,28,39,35
"4112901332","211202","Saldus novada pašvaldības Cieceres internātpamatskola",23,11,34,27,34,36,29,36,24
"4112900414","211203","Blīdenes pamatskola",5,11,6,7,11,14,9,7,10
"4112900078","211204","Gaiķu pamatskola",0,2,10,5,4,6,5,7,8
"4112900411","211206","Saldus novada pašvaldības Jaunlutriņu pamatskola",11,7,7,9,8,10,3,7,11
"4112900413","211207","Saldus novada pašvaldības Kursīšu pamatskola",7,6,7,9,11,12,5,10,8
"4112900012","211208","Saldus novada pašvaldības Lutriņu pamatskola",12,6,12,15,12,7,15,17,10
"4112900412","211209","Saldus novada pašvaldības Nīgrandes pamatskola",6,9,11,9,11,13,11,9,17
"4112900409","211210","Saldus novada pašvaldības Pampāļu pamatskola",11,3,9,5,9,9,3,8,4
"4112900013","211211","Remtes pamatskola",5,5,3,0,3,6,6,8,7
"4112900627","211212","Saldus novada pašvaldības Rubas pamatskola",12,12,13,14,10,15,14,14,15
"4112901052","211214","Saldus novada pašvaldības Striķu pamatskola",7,8,8,10,6,6,9,4,8
"4112901264","211217","Saldus novada pašvaldības Zirņu pamatskola",9,7,10,11,9,10,13,10,6
"4113900420","211302","Saldus 2. vidusskola",25,14,7,10,36,17,36,45,49
"4113901049","211303","Brocēnu vidusskola",53,59,43,42,53,42,35,38,45
"4113901051","211304","Saldus novada pašvaldības Ezeres vidusskola",17,14,7,13,13,11,14,16,17
"4113900416","211305","Saldus novada pašvaldības Kalnu vidusskola",8,9,4,6,2,11,7,13,14
"4113900415","211306","Saldus novada pašvaldības Druvas vidusskola",32,20,17,15,26,12,14,21,30
"4113900155","211307","Saldus 1.vidusskola",12,12,8,5,23,48,51,41,32
"4114900079","211401","Saldus Vakara vidusskola",0,0,0,0,0,0,0,6,14
"4120901053","212201","Saldus novada pašvaldības Rubas speciālā internātpamatskola",1,0,2,3,3,3,7,4,9
"4111900602","221109","Lībagu sākumskola",15,13,10,11,0,0,0,0,0
"4111900592","221110","Talsu sākumskola",70,62,48,26,41,46,0,0,0
"4112900610","221201","Stendes pamatskola",13,7,6,11,14,8,5,12,3
"4112900593","221202","Talsu pamatskola",19,27,24,16,22,30,21,24,24
"4112900615","221204","Kolkas pamatskola",5,5,11,3,6,4,10,14,2
"4112900594","221206","Laucienes pamatskola",21,16,19,15,19,23,21,19,21
"4112900595","221207","Pastendes pamatskola",15,12,11,16,10,10,12,11,10
"4112900612","221208","Pūņu pamatskola",11,10,5,9,7,14,10,16,9
"4112900614","221211","Virbu pamatskola",12,16,8,14,12,8,10,9,10
"4112902872","221214","Vandzenes pamatskola",8,9,8,8,10,9,10,8,8
"4113900621","221301","Dundagas vidusskola",34,27,32,28,27,30,30,29,20
"4113900619","221302","Rojas vidusskola",35,37,31,30,32,26,31,28,25
"4113900620","221303","Sabiles vidusskola",22,15,12,16,12,21,16,16,20
"4119902544","221304","Talsu Valsts ģimnāzija",0,0,0,0,0,0,34,35,43
"4113900617","221305","Talsu 2. vidusskola",60,70,47,44,69,74,67,68,70
"4113900616","221306","Valdemārpils vidusskola",31,29,30,18,19,20,34,31,24
"4113900624","221307","Mērsraga vidusskola",15,19,17,8,14,12,17,20,18
"4113801678","221380","Talsu Kristīgā vidusskola",25,35,22,34,22,22,21,20,17
"4114900622","221401","Talsu novada Vakara un neklātienes vidusskola",0,0,0,0,0,0,4,16,19
"4122901355","222201","Mazirbes internātpamatskola",0,1,1,3,0,4,1,5,2
"4122901278","222202","Upesgrīvas internātpamatskola",3,6,7,11,6,8,16,15,26
"4311900252","231102","Milzkalnes sākumskola",19,17,18,18,7,8,0,0,0
"4311900233","231103","Sēmes sākumskola",14,15,9,9,0,0,0,0,0
"4311900237","231104","Matkules sākumskola",7,6,5,5,3,9,0,0,0
"4312900232","231202","Tukuma E. Birznieka-Upīša 1. pamatskola",51,34,35,43,27,37,34,33,28
"4312900231","231205","Cēres pamatskola",9,8,8,8,6,9,7,7,8
"4312900208","231208","Lapmežciema pamatskola",22,22,19,13,9,18,7,12,8
"4312900227","231212","Pūres pamatskola",27,20,31,25,19,21,19,17,12
"4312900209","231213","Smārdes pamatskola",24,21,17,20,18,11,18,14,16
"4312900251","231215","Vānes pamatskola",8,7,7,8,11,8,8,10,8
"4312900246","231216","Kandavas novada Zantes pamatskola",10,12,14,13,11,12,12,7,9
"4312900210","231218","Zemītes pamatskola",8,1,2,4,5,9,11,13,8
"4312902393","231222","Tukuma 2. pamatskola",60,60,60,59,58,55,48,39,43
"4312900238","231223","Tukuma 3. pamatskola",18,34,21,15,34,18,17,21,10
"4312900235","231224","Džūkstes pamatskola",10,12,10,13,14,12,21,25,14
"4313900205","231301","Kandavas Kārļa Mīlenbaha vidusskola",31,54,23,46,42,52,25,49,35
"4316902392","231302","Tukuma Raiņa ģimnāzija",0,0,0,0,0,0,23,41,40
"4313900224","231303","Tukuma 2. vidusskola",71,73,68,59,64,63,50,59,54
"4313900228","231305","Engures vidusskola",21,23,25,25,22,29,29,29,23
"4313900229","231306","Irlavas vidusskola",11,14,16,16,13,12,13,22,14
"4313900207","231307","Jaunpils vidusskola",29,19,19,35,20,29,19,25,17
"4313900250","231308","Zemgales vidusskola (Tukuma novads)",29,20,19,25,26,23,22,20,23
"4313900352","231309","Kandavas internātvidusskola",26,25,42,32,28,39,39,21,31
"4313900230","231311","Tumes vidusskola",22,12,21,21,21,20,35,21,20
"4314900206","231401","Tukuma Vakara un neklātienes vidusskola",0,0,0,0,0,0,18,23,36
"4322900223","232201","Tukuma internātpamatskola",13,7,17,9,13,7,6,21,19
"4322900212","232202","Dzirciema internātpamatskola",4,7,4,8,9,6,9,12,13
"4411902496","241101","Smiltenes Trīs pakalnu sākumskola",54,44,34,47,32,33,0,0,0
"4411901211","241102","Launkalnes sākumskola",6,5,5,7,0,0,0,0,0
"4412901216","241204","Bilskas pamatskola",6,5,11,6,3,10,7,6,4
"4412901209","241206","Blomes pamatskola",9,12,9,10,9,14,10,6,7
"4412901220","241208","Ērģemes pamatskola",8,6,3,7,5,1,8,8,7
"4412901320","241209","Ēveles pamatskola",4,4,5,1,4,8,7,2,10
"4412901221","241210","Grundzāles pamatskola",13,5,7,8,12,8,8,9,8
"4412901217","241211","Kārķu pamatskola",2,2,3,9,1,8,6,6,2
"4412901219","241213","Variņu pamatskola",4,4,6,7,7,8,9,9,9
"4412901069","241214","Ozolu pamatskola",2,3,3,6,3,4,7,8,8
"4412901218","241215","Palsmanes pamatskola",17,14,15,12,8,10,9,9,9
"4412901204","241216","Trikātas pamatskola",7,7,11,13,9,10,13,7,5
"4412901210","241217","Vijciema pamatskola",3,3,3,10,6,3,5,3,7
"4412902396","241220","Valkas pamatskola",51,55,46,42,64,60,29,20,34
"4416902397","241301","Valkas ģimnāzija",0,0,0,0,0,0,21,47,25
"4416901205","241304","Smiltenes ģimnāzija",0,0,0,0,0,0,32,48,30
"4413902791","241305","Strenču novada vidusskola",29,28,14,20,30,16,34,24,25
"4413900897","241306","Smiltenes Centra vidusskola",43,41,43,36,39,42,38,36,42
"4422900893","242201","Palsmanes internātpamatskola",8,3,7,4,6,6,4,9,3
"4411900652","251106","Vilpulkas sākumskola",4,3,7,8,0,0,0,0,0
"4411900650","251107","Brenguļu sākumskola",7,8,5,7,0,0,0,0,0
"4411902431","251110","Ramatas sākumskola",7,5,7,7,0,0,0,0,0
"2511902432","251111","Valmieras Pārgaujas sākumskola",98,114,96,79,90,77,0,0,0
"2511902507","251112","Valmieras sākumskola",85,94,92,82,82,72,0,0,0
"4412900648","251203","Jura Neikena Dikļu pamatskola",8,11,6,10,12,12,12,5,10
"4412902792","251204","Jaunburtnieku pamatskola",2,7,9,5,5,10,11,9,15
"4412900639","251205","Jeru pamatskola",10,6,8,11,11,15,23,8,14
"4412900640","251206","J. Endzelīna Kauguru pamatskola",13,11,11,8,12,23,17,10,8
"4412900647","251207","Kocēnu pamatskola",36,22,27,13,24,15,19,19,25
"4412900636","251209","Matīšu pamatskola",9,12,7,8,13,10,10,9,9
"4412900645","251210","Rencēnu pamatskola",10,6,9,10,8,10,10,12,9
"4412900637","251211","Rubenes pamatskola (Kocēnu novads)",11,8,10,12,12,19,13,11,10
"4418000073","251216","Sociālās korekcijas izglītības iestāde ""Naukšēni""",0,0,0,0,4,3,4,7,5
"2512803021","251281","Pamatskola ""Universum""",20,8,9,4,4,7,0,0,0
"2519902526","251301","Valmieras Valsts ģimnāzija",0,0,0,0,0,0,60,73,67
"2513901058","251302","Valmieras 2. vidusskola",30,16,25,22,24,22,36,44,53
"2513900631","251303","Valmieras Viestura vidusskola",83,64,70,46,73,59,62,63,67
"2516900630","251304","Valmieras Pārgaujas ģimnāzija",0,0,0,0,0,0,90,88,84
"2513901081","251305","Valmieras 5. vidusskola",41,30,29,29,20,29,19,26,17
"4413901013","251306","Mazsalacas vidusskola",18,20,23,24,23,35,30,22,36
"4413900654","251307","Rūjienas vidusskola",44,30,39,35,47,33,37,39,31
"4413902802","251308","Naukšēnu novada vidusskola",10,11,15,19,14,17,18,18,24
"4413900632","251309","Burtnieku Ausekļa vidusskola",9,11,14,12,8,12,7,6,11
"4422901174","252201","Vaidavas internātpamatskola",0,2,2,0,0,0,1,8,7
"4422901173","252202","Dauguļu internātpamatskola",3,3,1,3,6,9,5,2,8
"2520901175","252501","Valmieras vājdzirdīgo bērnu internātvidusskola - attīstības centrs",21,13,14,15,15,9,4,13,10
"4112900052","261201","Ances pamatskola",4,8,14,3,7,7,3,3,8
"4112900049","261203","Popes pamatskola",10,8,7,10,9,8,11,8,9
"4112900054","261204","Puzes pamatskola",7,6,8,9,1,5,8,12,6
"4112900050","261205","Tārgales pamatskola",18,16,9,19,12,10,16,12,13
"4112900047","261206","Užavas pamatskola",7,7,2,11,8,9,11,12,11
"4112900544","261208","Zlēku pamatskola",3,4,4,2,7,2,5,2,6
"4112900046","261209","Zūru pamatskola",16,14,10,15,13,17,16,17,14
"4112900053","261211","Jūrkalnes pamatskola",6,1,3,2,3,3,0,5,2
"4113900543","261301","Piltenes vidusskola",11,13,10,14,11,13,9,9,16
"4113900055","261302","Ugāles vidusskola",22,31,21,23,14,36,16,21,26
"4122901132","262201","Stiklu internātpamatskola",5,0,7,0,7,7,10,16,27
"2712901237","271203","Daugavpils Saskaņas pamatskola",59,59,56,58,58,47,42,54,55
"2712902233","271210","Daugavpils Vienības pamatskola",81,51,51,58,64,61,32,33,19
"2712902175","271211","Daugavpils 11. pamatskola",18,26,24,24,19,24,28,31,58
"2719902518","271301","Daugavpils Valsts ģimnāzija",0,0,0,0,0,0,23,28,56
"2713901229","271302","Daugavpils Krievu vidusskola - licejs",60,63,64,60,55,84,60,55,51
"2713901037","271303","Daugavpils 3. vidusskola",90,90,78,56,57,81,60,53,47
"2713901222","271306","J. Raiņa Daugavpils 6. vidusskola",40,26,23,21,31,33,32,37,32
"2713901238","271309","Daugavpils 9. vidusskola",61,77,58,62,61,55,65,50,47
"2713900714","271310","Daugavpils 10. vidusskola",64,72,65,48,65,56,80,78,83
"2713901240","271312","Daugavpils 12. vidusskola",30,48,42,39,39,48,38,50,43
"2713901135","271313","Daugavpils 13. vidusskola",98,83,57,58,81,51,52,51,48
"2713901176","271315","Daugavpils 15. vidusskola",77,77,57,62,67,72,65,79,60
"2713901231","271316","Daugavpils 16. vidusskola",74,66,71,59,60,53,58,66,63
"2713901235","271318","Daugavpils 17. vidusskola",23,21,19,21,30,23,47,38,42
"2716901232","271319","J.Pilsudska Daugavpils valsts poļu ģimnāzija",37,26,29,28,34,20,29,17,23
"2713902243","271321","Daugavpils Centra vidusskola",65,51,50,52,58,47,49,45,44
"2722901223","272201","Daugavpils 1. speciālā pamatskola",3,3,8,6,2,6,6,7,32
"2720901224","272203","Daugavpils logopēdiskā internātpamatskola - attīstības centrs",43,24,25,28,23,21,23,20,18
"2811902953","281101","Jelgavas 3. sākumskola",142,99,131,114,89,99,0,0,0
"2811902954","281102","Jelgavas 4. sākumskola",182,145,164,155,150,137,0,0,0
"2812900143","281203","Jelgavas 2. pamatskola",73,67,85,85,61,75,55,35,49
"2812802996","281281","Lazdiņas privātā pamatskola ""Punktiņš""",3,1,1,1,0,0,0,0,0
"2819902423","281302","Jelgavas Valsts ģimnāzija",0,0,0,0,0,0,119,126,109
"2813900137","281304","Jelgavas 4. vidusskola",141,111,107,109,121,81,69,81,81
"2813900138","281305","Jelgavas 5. vidusskola",66,45,68,89,64,62,49,64,63
"2813900139","281306","Jelgavas 6. vidusskola",52,62,52,49,54,55,56,45,48
"2816900140","281308","Jelgavas Spīdolas ģimnāzija",0,0,0,0,0,0,85,86,90
"2813902959","281309","Jelgavas Tehnoloģiju vidusskola",56,59,0,0,22,26,74,66,77
"2814900141","281401","Jelgavas Vakara (maiņu) vidusskola",0,2,1,1,2,7,14,31,31
"2822902715","282202","Jelgavas 2. internātpamatskola",14,17,17,25,25,30,12,24,18
"2822901097","282203","Jelgavas 1. internātpamatskola",16,11,15,20,15,13,13,13,16
"2911901386","291101","Sākumskola ""Ābelīte""",29,26,23,27,0,0,0,0,0
"2911901383","291102","Sākumskola ""Taurenītis""",24,28,18,17,20,20,0,0,0
"2911901882","291104","Jūrmalas sākumskola ""Atvase""",60,60,75,53,58,45,0,0,0
"2912901351","291201","Slokas pamatskola",38,43,30,42,38,40,35,32,22
"2912901382","291203","Jūrmalas Alternatīvā skola",20,20,20,20,18,18,16,19,14
"2912901441","291204","Vaivaru pamatskola",23,22,10,15,18,17,20,14,11
"2919902697","291301","Jūrmalas Valsts ģimnāzija",0,0,0,0,0,0,57,62,53
"2913901344","291302","Jūrmalas pilsētas Kauguru vidusskola",60,86,75,61,62,53,48,59,49
"2913901345","291303","Ķemeru vidusskola",14,18,13,12,13,12,10,9,9
"2913901346","291304","Pumpuru vidusskola",51,33,31,52,45,36,37,30,29
"2913901349","291305","Jūrmalas pilsētas Jaundubultu vidusskola",37,24,15,23,21,22,26,23,17
"2913901347","291306","Jūrmalas pilsētas Lielupes vidusskola",20,17,14,19,16,13,10,13,11
"2913901348","291307","Jūrmalas pilsētas Mežmalas vidusskola",54,34,42,53,41,34,45,45,31
"2913901352","291308","Majoru vidusskola",43,41,44,48,42,46,51,38,44
"2913801521","291381","Latvijas Starptautiskā skola",17,19,36,19,28,21,19,18,27
"2914901350","291401","Jūrmalas vakara vidusskola",0,0,0,0,0,0,4,9,11
"2922901384","292201","Jūrmalas pilsētas internātpamatskola",5,8,8,6,7,0,12,3,15
"3011900940","301102","Liepājas Ezerkrasta sākumskola",94,107,86,73,0,0,0,0,0
"3011902612","301104","Liepājas Centra sākumskola",88,84,113,94,78,84,0,0,0
"3011800081","301182","Privātsākumskola ""Varavīksne""",12,9,10,10,3,7,0,0,0
"3012900937","301201","Liepājas 3. pamatskola",36,47,65,46,47,52,35,42,38
"3012901048","301203","Liepājas internātpamatskola",5,2,13,12,10,19,22,23,16
"3012800408","301280","Liepājas Katoļu pamatskola",17,23,13,18,18,24,11,11,12
"3019902788","301301","Liepājas Valsts 1. ģimnāzija",0,0,0,0,0,0,88,120,78
"3013900936","301302","Liepājas A. Puškina 2. vidusskola",52,42,61,66,62,63,56,65,54
"3013900932","301305","Draudzīgā aicinājuma Liepājas pilsētas 5. vidusskola",114,123,135,95,108,118,94,91,75
"3013900933","301306","Liepājas Raiņa 6. vidusskola",0,0,0,0,79,83,76,90,62
"3013900934","301307","Liepājas 7. vidusskola",86,94,90,84,76,79,62,66,67
"3013900925","301309","J. Čakstes Liepājas pilsētas 10. vidusskola",73,68,67,73,56,74,48,66,45
"3013900930","301311","Liepājas pilsētas 12. vidusskola",43,61,41,53,53,54,44,49,46
"3013900931","301312","Liepājas 15. vidusskola",111,97,113,69,82,86,74,80,83
"3013900924","301313","Liepājas 8. vidusskola",45,55,47,57,73,53,50,50,67
"3014900943","301401","Liepājas vakara (maiņu) vidusskola",0,0,0,0,0,0,7,12,38
"3020900938","302201","Liepājas speciālā internātpamatskola",11,15,18,40,15,23,16,21,44
"3113900062","311302","Rēzeknes 2. vidusskola",50,43,50,32,53,45,58,65,56
"3113900063","311303","Rēzeknes 3. vidusskola",40,53,43,34,33,53,36,38,30
"3113900064","311304","Rēzeknes 4. vidusskola",17,19,15,18,23,19,25,20,18
"3113900065","311305","Rēzeknes 5. vidusskola",48,41,39,48,48,53,42,62,50
"3113900066","311306","Rēzeknes 6. vidusskola",70,74,48,64,44,37,43,42,45
"3113900061","311308","Rēzeknes 1. vidusskola",77,86,61,45,57,56,63,53,56
"3116902163","311309","Rēzeknes valsts poļu ģimnāzija",53,59,60,41,43,61,35,33,37
"3113802708","311380","Rēzeknes Katoļu vidusskola",20,17,24,18,15,17,20,22,20
"3114900068","311401","Rēzeknes vakara vidusskola",0,0,0,0,0,0,1,0,10
"3122900069","312201","Rēzeknes logopēdiskā internātpamatskola",36,25,14,16,13,11,12,6,26
"3211902422","321101","Ventspils Centra sākumskola",57,59,58,57,58,55,0,0,0
"3212900030","321201","Ventspils 1. pamatskola",53,35,28,37,33,37,39,25,27
"3212900031","321202","Ventspils 2. pamatskola",29,26,31,22,19,26,27,40,15
"3216900032","321301","Ventspils 1. ģimnāzija",0,0,0,0,0,0,59,29,61
"3213900033","321302","Ventspils 2. vidusskola",51,43,39,57,42,43,44,54,56
"3213900034","321303","Ventspils 3. vidusskola",37,42,44,40,42,39,39,32,38
"3213900035","321304","Ventspils 4. vidusskola",64,72,53,55,53,52,55,73,42
"3213900037","321306","Ventspils 6. vidusskola",62,54,57,58,46,50,67,75,69
"3213900036","321307","Ventspils 5. vidusskola",49,39,38,31,34,35,35,24,23
"3214900038","321401","Ventspils vakara vidusskola",24,10,14,12,7,6,5,12,27
"3411900787","341103","Rīgas Valda Zālīša sākumskola",94,87,90,97,65,90,0,0,0
"3412900785","341201","Rīgas 24. pamatskola",68,45,48,41,43,34,38,31,37
"3412900786","341202","Rīgas Centra daiļamatniecības pamatskola",34,33,55,27,34,45,46,42,38
"3412900804","341204","Pamatskola ""Rīdze""",61,61,58,60,88,62,52,49,32
"3419900793","341301","Rīgas Valsts 1. ģimnāzija",0,0,0,0,0,0,127,130,127
"3419900794","341302","Rīgas Valsts 3. ģimnāzija",0,0,0,0,0,0,100,130,120
"3413900799","341305","Rīgas 22. vidusskola",55,54,48,54,60,32,48,75,68
"3413900797","341308","Rīgas 40. vidusskola",90,90,116,100,90,104,90,107,72
"3413900790","341309","Rīgas Centra humanitārā vidusskola",120,92,90,90,93,81,91,84,58
"3413902866","341312","Rīgas Natālijas Draudziņas vidusskola",98,77,83,56,46,66,42,32,22
"3416801138","341380","Privātā Rīgas Tehnolingvistiskā ģimnāzija",0,0,0,0,0,0,2,8,2
"3414900800","341401","Rīgas Raiņa 8. vakara (maiņu) vidusskola",0,0,0,0,0,0,0,10,29
"3420900801","342101","Rīgas sākumskola ""Valodiņa""",59,37,27,33,0,0,0,0,0
"3420900802","342201","Rīgas 1. speciālā internātpamatskola",10,12,24,17,12,19,18,11,33
"3511900641","351101","Āgenskalna sākumskola",87,94,113,86,91,91,0,0,0
"3511802743","351181","Svēto Kirila un Mefodija Rīgas pareizticīgā sākumskola",1,3,5,0,0,0,0,0,0
"3512900779","351202","Rīgas Valdorfskola",66,51,34,49,32,46,24,20,16
"3512802055","351280","Rīgas Starptautiskā skola (old)",1,0,0,0,0,0,0,0,0
"3519900642","351301","Rīgas Valsts vācu ģimnāzija",0,0,0,0,0,0,84,102,99
"3513900771","351302","Rīgas 19. vidusskola",35,31,31,25,35,17,40,21,13
"3513900836","351303","Rīgas 33. vidusskola",96,87,81,86,74,69,74,69,61
"3513900765","351304","Rīgas 34. vidusskola",135,130,123,93,102,90,101,68,83
"3513900768","351305","Rīgas 41. vidusskola",68,77,78,41,47,50,40,37,32
"3513900764","351306","Rīgas 54. vidusskola",54,38,35,52,41,45,21,39,34
"3513900770","351307","Iļģuciema vidusskola",81,50,45,47,49,51,36,46,36
"3513900766","351308","Rīgas Daugavgrīvas vidusskola",63,50,56,42,54,58,44,55,41
"3513900769","351309","Rīgas 68. vidusskola",26,40,22,24,28,35,21,26,35
"3513900774","351310","Rīgas 69. vidusskola",37,49,33,38,43,44,36,45,36
"3513900776","351311","Rīgas 96. vidusskola",109,86,73,75,98,69,68,77,69
"3513900772","351312","Rīgas 71. vidusskola",66,75,81,72,73,77,79,62,49
"3513900775","351313","Rīgas Ostvalda vidusskola",127,47,83,96,87,59,82,55,51
"3513900767","351314","Rīgas Anniņmuižas vidusskola",97,55,77,72,85,55,60,58,70
"3513900773","351316","Rīgas Imantas vidusskola",93,78,76,66,68,66,68,62,67
"3513800288","351380","Privātskola ""Latreia""",7,12,9,7,0,14,7,6,8
"3513802325","351382","Privātā vidusskola ""Templum""",0,2,0,3,5,1,1,1,5
"3513802582","351383","Privātā vidusskola ""Patnis""",31,31,26,14,19,20,13,7,6
"3513803052","351384","Rīgas Starptautiskā skola",20,18,31,19,16,21,15,11,12
"3331301251","354337","Rīgas Doma kora skola",23,16,22,36,26,36,18,25,15
"3331301249","354356","Emīla Dārziņa mūzikas vidusskola",22,20,16,16,49,33,41,29,36
"3612900689","361202","Andreja Pumpura Rīgas 11. pamatskola",102,88,64,52,51,62,46,45,23
"3612900688","361205","O.Kalpaka Rīgas Tautas daiļamatu pamatskola",73,58,59,55,62,58,61,51,43
"3612900249","361209","Jankas Kupalas Rīgas Baltkrievu pamatskola",20,14,16,18,16,17,19,16,11
"3612902818","361210","Rīgas Lastādijas internātpamatskola",15,16,13,16,31,32,26,34,21
"3612902865","361211","Rīgas Pļavnieku pamatskola",101,79,77,71,71,78,52,52,47
"3612902961","361212","Rīgas Avotu pamatskola",20,26,22,24,29,24,21,17,17
"3612801468","361283","Privātā pamatskola ""Maksima""",13,12,8,6,11,9,7,10,13
"3612802850","361285","Privātā pamatskola ""RIMS-Rīga International meridian school""",8,9,15,8,7,4,6,10,0
"3613900684","361301","Rīgas 6. vidusskola",114,120,98,97,87,73,71,72,45
"3613900677","361303","Rīgas 15. vidusskola",32,36,46,41,49,43,46,35,36
"3613900678","361304","Rīgas 25. vidusskola",95,97,83,59,75,86,85,82,79
"3613900662","361305","Rīgas 32. vidusskola",21,26,23,27,34,17,13,23,18
"3613900685","361308","Rīgas 51. vidusskola",71,59,53,60,46,56,44,47,34
"3613900680","361309","Rīgas Ķengaraga vidusskola",74,46,64,66,57,59,61,72,57
"3613900665","361310","Rīgas Sergeja Žoltoka vidusskola",39,38,44,28,26,38,26,36,25
"3613900664","361313","Rīgas 65. vidusskola",48,47,47,42,50,57,30,38,46
"3613900670","361314","Rīgas 72. vidusskola",154,135,124,83,124,105,115,114,89
"3613900682","361315","Rīgas 75. vidusskola",55,67,62,49,55,51,48,66,24
"3613900683","361317","Rīgas 86. vidusskola",80,74,74,69,64,52,58,67,39
"3613900672","361318","Rīgas 88. vidusskola",133,162,140,117,96,106,83,105,98
"3613900679","361320","Rīgas 92. vidusskola",72,67,70,65,60,64,77,64,73
"3613900669","361321","Rīgas 93. vidusskola",72,62,64,61,53,59,39,42,21
"3616900675","361323","Rīgas pilsētas Pļavnieku ģimnāzija",0,0,0,0,0,0,29,19,28
"3613900676","361324","Rīgas Kristīgā vidusskola",25,19,23,27,20,25,19,25,24
"3613900788","361325","Rīgas Ukraiņu vidusskola",19,22,27,20,19,18,27,21,12
"3613901263","361327","Rīgas Lietuviešu vidusskola",45,42,38,55,40,31,36,27,24
"3613903047","361328","J.G.Herdera Rīgas Grīziņkalna vidusskola",54,47,53,45,58,54,45,44,47
"3713802748","361382","Rīgas 1. vidusskola",0,0,0,0,0,0,9,31,36
"3613801080","361385","Informācijas sistēmu menedžmenta augstskolas vidusskola ""PREMJERS""",10,6,18,12,23,18,12,13,15
"3613802155","361388","Habad Ebreju privātā vidusskola",8,8,4,6,4,4,0,9,6
"3614900691","361401","Rīgas vakara ģimnāzija",0,0,0,0,0,0,7,18,85
"3615802846","361581","Tālmācības vidusskola ""Rīgas Komercskola""",1,1,1,0,1,1,2,3,10
"3622900692","362201","Rīgas 2. speciālā internātpamatskola",27,22,12,14,8,18,11,10,24
"3620900693","362202","Rīgas speciālā internātpamatskola",28,34,38,41,35,32,39,40,34
"3624900694","362204","Rīgas Valda Avotiņa pamatskola - attīstības centrs",26,25,25,30,30,34,37,26,29
"3711802689","371180","Privātā sākumskola ""Namiņš""",12,2,10,4,5,3,0,0,0
"3711802974","371181","Rīgas Kristīgā sākumskola",4,9,0,0,0,0,0,0,0
"3712900760","371203","Mežciema pamatskola",102,70,70,73,65,54,55,42,36
"3712902971","371204","Rīgas Ezerkrastu pamatskola",15,10,19,20,24,21,14,23,19
"3712800299","371280","Pamatskola ""Harmonija""",9,4,9,7,8,9,7,6,0
"3713900740","371301","Rīgas Franču licejs",82,88,84,85,75,55,60,55,39
"3713900750","371305","Rīgas 21. vidusskola",61,51,43,41,50,51,33,34,31
"3713900746","371307","Rīgas Teikas vidusskola",96,118,99,97,90,101,97,91,95
"3713900757","371309","Rīgas Juglas vidusskola",119,119,116,118,116,90,72,69,74
"3713900742","371310","Rīgas 45. vidusskola",69,77,66,73,66,60,45,55,41
"3713900751","371311","Rīgas 49. vidusskola",62,67,65,68,66,64,64,69,53
"3713900743","371312","Rīgas 60. vidusskola",48,50,52,48,59,45,51,48,38
"3713900755","371313","Rīgas 63. vidusskola",97,84,70,69,66,82,60,52,47
"3713900756","371314","Rīgas 64. vidusskola",113,111,89,89,97,94,90,91,84
"3713900758","371315","Rīgas 74. vidusskola",76,61,58,44,44,55,46,50,54
"3713900753","371316","Rīgas 80. vidusskola",70,60,66,69,66,66,73,64,49
"3713900735","371318","Rīgas 84. vidusskola",110,87,90,82,72,66,68,59,54
"3713900738","371319","Rīgas 85. vidusskola",78,62,46,55,37,40,18,31,23
"3716900736","371320","Rīgas Klasiskā ģimnāzija",177,163,135,144,127,124,110,133,108
"3713900752","371321","Rīgas 89. vidusskola",51,52,45,40,60,55,47,48,33
"3713900749","371322","Rīgas Purvciema vidusskola",157,156,128,116,131,128,126,118,85
"3713900754","371323","Š. Dubnova Rīgas Ebreju vidusskola",34,27,23,36,21,13,25,20,18
"3713900741","371325","Rīgas Hanzas vidusskola",121,94,79,89,81,80,91,72,51
"3713900789","371328","Rīgas Itas Kozakēvičas Poļu vidusskola",37,30,30,32,27,29,22,20,19
"3713800008","371380","Biznesa un vadības privātvidusskola",0,0,0,0,0,0,0,0,2
"3713801443","371381","Privātā vidusskola ""Klasika""",17,6,16,7,10,12,5,11,11
"3716800001","371383","Rīgas Centra krievu privātģimnāzija",0,0,0,0,0,0,1,0,1
"3613801984","371384","Privātā vidusskola ""Norma""",0,0,1,1,0,0,0,0,0
"3713802710","371385","Privātā vidusskola ""MAXVEL""",7,3,7,8,1,5,1,4,3
"3713802902","371386","Privātā alternatīvā vidusskola",0,1,2,0,4,0,0,0,1
"3713801461","371388","Privātā vidusskola ""Laisma""",10,3,5,8,5,8,8,5,1
"3713802628","371389","Privātā vidusskola ""INNOVA""",8,13,7,7,9,0,8,9,0
"3714900782","371401","Rīgas 9. vakara (maiņu) vidusskola",0,4,6,0,0,0,38,48,94
"3720900834","372201","Rīgas 4. speciālā internātpamatskola",16,19,15,21,16,16,4,15,23
"3723901096","372301","Rīgas Sanatorijas internātpamatskola",3,10,10,11,24,20,20,23,17
"3720900835","372501","Strazdumuižas internātvidusskola - attīstības centrs vājredzīgiem un neredzīgiem bērniem",12,8,9,8,13,7,2,27,10
"3811900697","381102","Rīgas Ziepniekkalna sākumskola",66,52,88,49,43,48,0,0,0
"3812900716","381205","Friča Brīvzemnieka pamatskola",32,47,29,28,37,40,29,23,23
"3812900704","381207","Rīgas Pārdaugavas pamatskola",65,56,57,41,46,33,34,21,35
"3812902864","381208","Rīgas Igauņu pamatskola",34,39,22,13,28,23,15,5,10
"4312802956","381283","Pamatskola ""Brīvā Māras skola""",5,5,4,2,0,0,0,0,0
"3816900699","381302","Rīgas Angļu ģimnāzija",110,93,104,89,91,83,85,60,68
"3813900728","381305","Rīgas 47. vidusskola",51,51,45,56,54,46,50,39,31
"3813900725","381306","Rīgas 53. vidusskola",48,47,26,31,43,41,32,21,33
"3813900726","381308","Rīgas 61. vidusskola",24,31,22,25,29,32,27,32,38
"3819900703","381309","Āgenskalna Valsts ģimnāzija",0,0,0,0,0,0,116,90,82
"3813900701","381310","Rīgas Mūzikas internātvidusskola",36,33,34,26,28,25,27,24,23
"3816900724","381311","Rīgas Zolitūdes ģimnāzija",120,147,142,121,148,149,144,136,118
"3813900723","381312","Rīgas 94. vidusskola",66,66,39,61,44,46,44,49,37
"3813900727","381313","Rīgas 95. vidusskola",121,113,97,122,79,95,83,87,65
"3816900700","381315","Ziemeļvalstu ģimnāzija",111,94,68,72,91,80,83,59,58
"3813800960","381380","Rīgas vispārizglītojošā privātā vidusskola ""Evrika""",31,22,13,8,15,16,22,15,12
"3813801134","381381","Rīgas Katoļu ģimnāzija",15,28,22,7,11,16,9,9,9
"3814900734","381401","Rīgas 14. vakara (maiņu) vidusskola",0,0,0,0,12,7,2,15,32
"3822900729","382201","Rīgas 3. speciālā pamatskola",7,15,5,8,8,9,7,6,15
"3825902960","382501","Rīgas internātvidusskola bērniem ar dzirdes traucējumiem",11,9,8,8,2,5,7,10,14
"3911803029","391101","Rīgas Montessori sākumskola",7,1,0,0,0,0,0,0,0
"3912900813","391201","Rīgas 7. pamatskola",12,19,17,12,15,12,9,13,10
"3912802830","391280","ŽILA VERNA RĪGAS FRANČU SKOLA",22,11,7,2,1,0,0,0,0
"3913900820","391302","Rīgas Jāņa Poruka vidusskola",51,41,47,28,42,36,33,15,17
"3913900824","391303","Rīgas 10. vidusskola",62,58,68,59,64,85,84,82,86
"3913900817","391304","Rīgas 13. vidusskola",86,78,72,52,60,56,48,53,53
"3913900823","391305","Rīgas 28. vidusskola",45,32,30,20,32,40,26,35,24
"3913900826","391306","Rīgas 31. vidusskola",58,56,48,40,52,54,38,39,41
"3913900827","391309","Rīgas 46. vidusskola",49,58,55,49,53,42,39,45,45
"3913900821","391311","Puškina licejs",65,71,70,50,69,56,68,54,42
"3913900828","391314","Rīgas 29. vidusskola",21,21,24,22,15,22,25,27,28
"3913900818","391315","Rīgas Rīnūžu vidusskola",81,64,55,65,67,65,58,51,19
"3913900822","391316","Rīgas 37. vidusskola",29,17,18,11,22,21,11,22,11
"3913901617","391317","Rīgas Kultūru vidusskola",86,81,77,56,64,53,44,29,22
"3919902869","391318","Rīgas Valsts 2. ģimnāzija",0,0,0,0,0,0,90,92,113
"3914900832","391401","Rīgas 18. vakara (maiņu) vidusskola",0,0,1,0,4,13,27,33,49
"3920900831","392201","Rīgas 5. speciālā internātpamatskola",18,6,19,20,7,21,16,15,25
"3920900830","392501","Rīgas 66. speciālā vidusskola",36,20,21,35,36,33,32,18,17
